Relevance,Explanation
RELEVANT,"The generated answer directly addresses the question by providing the correct syntax for using the `precision_recall_fscore_support` function in Python, along with an example code snippet that illustrates its usage."
RELEVANT,The generated answer directly addresses the question about modifying scripts to prevent pickle errors when using waitress. It provides a specific solution by suggesting the separation of the custom column transformer class into a separate module and explains why this approach helps prevent the errors associated with pickling.
RELEVANT,"The generated answer provides the correct command to launch a container image in interactive mode using Docker, precisely addressing the question asked."
RELEVANT,"The generated answer directly addresses the question by confirming that a pull request can be made for homework solutions using PyTorch. It also provides additional context about the primary use of Keras in lessons and the encouragement to submit PyTorch solutions, further supporting the relevance to the question."
PARTLY_RELEVANT,"The generated answer discusses a specific cause of a pip version error related to Scikit-Learn version conflicts, which is relevant to version management. However, it does not address the broader scope of possible causes for pip version errors, such as issues with environment setup, dependency resolution, or Python version compatibility. Therefore, while it provides useful information, it is not fully comprehensive regarding potential pip version errors."
RELEVANT,"The generated answer directly addresses the question by providing the correct command to run after editing the metrics-server, which is to check the HPA (Horizontal Pod Autoscaler) status. It is clear and relevant to the context of the question."
RELEVANT,"The generated answer directly addresses the question by explaining how to check the AWS CLI version for eksctl compatibility. It specifies the requirement of using AWS CLI version 2 and provides the exact command to verify the version, making it relevant and useful for the user."
RELEVANT,"The generated answer directly addresses the question by identifying a specific reason for different accuracy values, namely the method of data splitting. It provides a clear explanation of how variations in training, validation, and testing data affect accuracy, which is precisely what the question is asking about."
RELEVANT,"The generated answer directly addresses the question about what to do if the REMOTE_URI variable is lost after a session ends. It provides clear instructions on how to set the variable again in the terminal, including an example command, which is exactly what the user needed to know."
RELEVANT,"The generated answer directly addresses the question by providing a specific location (Kaggle) where the script for generating the Kitchenware Classification Competition dataset can be found. This information is exactly what the question is asking for, making it relevant."
RELEVANT,"The generated answer directly addresses the question about the solution for the TensorFlow Serving error on Apple M1 Mac by providing a specific solution involving the use of a different Docker image tailored for ARM64 architecture, which is appropriate for Apple M1 Macs. It includes detailed steps that can help users implement the solution, making it highly relevant to the query."
RELEVANT,"The generated answer provides specific steps to resolve the NotSupportedError mentioned in the question. It addresses the issue directly by suggesting a downgrade of the protobuf package, regenerating Protobuf files, and offering an alternative workaround, all of which are relevant actions to take for resolving the stated error."
RELEVANT,"The generated answer directly addresses the question by providing the name of the individual, Tzvi Friedman, who added the solution for the specific error in Keras model training. This directly fulfills the inquiry about the contributor to that solution."
PARTLY_RELEVANT,"The generated answer provides information about launching a PowerShell terminal and installing Chocolatey, which is a necessary prerequisite for using it to install 'kind'. However, it does not explicitly state the specific first step to install 'kind' through Chocolatey, failing to directly answer the question."
RELEVANT,"The generated answer directly addresses the question by providing a clear method to fetch data using the `requests` library. It includes an example code snippet that demonstrates how to retrieve a dataset from a URL and save it as a file, which is precisely what was asked for in relation to fetching data for homework."
RELEVANT,"The generated answer directly addresses the question by confirming that the `mean_squared_error` function can be used to compute RMSE in one step by utilizing the `squared` parameter. It provides an accurate description and a code example, making it highly relevant to the question asked."
RELEVANT,"The generated answer provides specific links to documentation related to the initialization of Lambda functions, directly addressing the question asked."
RELEVANT,"The generated answer directly addresses the question by providing a code snippet that demonstrates how to read data from a GitHub URL using the pandas library. It not only includes the specific command but also explains that it will load the dataset into a pandas dataframe, which aligns perfectly with the inquiry."
PARTLY_RELEVANT,"The generated answer addresses the use of a random seed and how it affects the data splitting process. However, it does not directly explain why all missing values specifically end up in the training dataframe when the seed is set to 42. It suggests that different seeds may lead to different distributions but lacks a clear connection to the scenario described in the question."
RELEVANT,"The generated answer provides specific information on where to find materials related to the user's cohort, including directions to the course page, details about accessing the cohort folder, and additional resources like the DTC YouTube channel and syllabus link. This directly addresses the user's question."
RELEVANT,The generated answer directly addresses the question by confirming that there is a link to learn more about the California housing dataset and provides the actual link for further information. This satisfies the inquiry completely.
RELEVANT,"The generated answer directly addresses the question by identifying Random Forest as the algorithm representing bagging and XGBoost for boosting, which aligns with the query about specific algorithms taught in the course."
RELEVANT,"The generated answer directly addresses the question by identifying Ella Sahnan as the contributor of the information regarding metrics on a series or dataframe in section 4, which fulfills the query's requirement."
RELEVANT,"The generated answer directly addresses the question by suggesting a specific video that explains the normal form derivation for regression, which aligns perfectly with the inquiry about video resources."
RELEVANT,"The generated answer directly addresses the question by confirming that Google Cloud Platform offers free services, specifically mentioning microinstances and the duration. This indicates that the answer is pertinent to the inquiry about long-term free services."
RELEVANT,"The generated answer provides a specific link to a guide for using Docker in Google Colab, which directly addresses the user's question about where to find such a guide."
PARTLY_RELEVANT,"The generated answer provides the command to import the mean squared error function, which is related to RMSE since RMSE is derived from the mean squared error. However, it does not explicitly mention how to compute RMSE or that it is related to the command provided."
PARTLY_RELEVANT,"The generated answer addresses the question about the alternative command by stating that there is no alternative command if the region is configured by default. However, it does not provide a clear alternative or a specific command that could be used in different circumstances, which makes it only partially relevant to the inquiry."
RELEVANT,"The generated answer correctly identifies the `std()` function in pandas as the function that computes the standard deviation from a series. It also provides appropriate examples of how to use the function, which directly relates to the question asked."
RELEVANT,"The generated answer directly addresses the question by providing the specific information needed about the default value for the number of workers in the fit function, which is stated as '1'."
RELEVANT,The generated answer directly addresses the issue of loading a Keras model and provides a specific solution to the optimizer error by suggesting the use of `compile=False` in the `load_model` function. This is a relevant and practical response to the question asked.
RELEVANT,"The generated answer directly addresses the question of how to verify the results of code for evaluation metrics by providing specific guidance on using the scikit-learn library. It includes relevant code examples for calculating various evaluation metrics, which is aligned with the user's need to verify their code's results."
RELEVANT,"The generated answer directly addresses the question about the necessity of using regularization techniques in machine learning. It explains that regularization is not always required and emphasizes that its necessity depends on the specific context, including factors like dataset size and model complexity, which aligns well with the question asked."
RELEVANT,"The generated answer directly addresses the question by explaining how `np.sign` helps in identifying the intercept between precision and recall curves by indicating where their difference changes sign. It provides a clear understanding of the role of `np.sign` in this context, making it relevant to the question."
RELEVANT,The generated answer directly addresses the issue of running out of storage after building many Docker images by providing actionable steps to remove unused images and prune the system. It is relevant and specific to the question asked.
RELEVANT,"The generated answer accurately addresses the question by clearly stating that folders are read in alphabetical order when determining numeric class labels in TensorFlow's `flow_from_directory`. It provides a concrete example that further clarifies the explanation, making it directly relevant and informative."
RELEVANT,"The generated answer directly addresses the question by specifying the correct file to modify (`/etc/docker/daemon.json`) to fix Docker's DNS settings, along with the necessary JSON configuration and the command to restart Docker. This makes the answer highly relevant to the question posed."
PARTLY_RELEVANT,"The generated answer addresses the question by mentioning that multiple models are required, which indicates there is no specific number. However, it does not clearly define what 'multiple' means or provide a concrete answer to the question about any specific number of models needed, making it only partially relevant."
RELEVANT,"The generated answer effectively explains why a threshold of 1.0 results in a false positive rate (FPR) of 0.0. It correctly addresses the implications of setting the threshold and notes that the sigmoid function outputs only values between 0 and 1, leading to no positive classifications. This directly answers the question posed."
RELEVANT,"The generated answer directly addresses the question by providing the specific pandas method `std()` for calculating the standard deviation of a series. It also includes examples of how to use the method with both a Series and a DataFrame, which enhances the completeness of the answer."
RELEVANT,"The generated answer directly addresses the question about why df_train_full is not included in the correlation matrix task. It provides a clear reason related to the desire to base conclusions solely on training data, which is pertinent to the topic of model evaluation and data splitting."
RELEVANT,"The generated answer provides clear and detailed instructions on how to set up a Conda environment, including the necessary commands to create and activate the environment, as well as how to export and recreate it. It also mentions the requirement to have Anaconda or Miniconda installed, which is pertinent information for the user trying to set up the environment."
RELEVANT,"The generated answer directly addresses the issue of fixing a ValueError related to feature names in XGBoost. It provides specific guidance on identifying and replacing unsupported characters in feature names, along with an alternative solution to avoid specifying feature names in the `xgb.DMatrix`. This detailed and actionable advice is highly relevant to the question asked."
RELEVANT,"The generated answer directly addresses the question of resolving the 'Cannot connect to the docker daemon' issue on WSL by providing specific, actionable steps to troubleshoot and fix the problem. It includes checking Docker Desktop integration with WSL, which is pertinent to the issue raised."
RELEVANT,"The generated answer directly addresses the question by stating that it is not mandatory to complete the midterm project for the certificate and provides additional context about the requirements for receiving the certificate, which is pertinent to the inquiry."
NON_RELEVANT,"The generated answer states that it cannot provide an answer because the context lacks specific commands, which does not address the question about what commands to use to start the Docker daemon on Linux. Therefore, it is considered non-relevant."
RELEVANT,"The generated answer directly addresses the question regarding eligibility for certification after missing the midterm project. It provides specific conditions under which the individual can still qualify for certification, thus offering a clear and relevant response to the inquiry."
PARTLY_RELEVANT,"The generated answer provides a command to install a similar tool ('md5sha1sum') instead of 'md5sum' specifically. While it offers a way to install a tool that can compute MD5 hashes, it does not directly answer the question about installing 'md5sum' itself on Mac."
RELEVANT,"The generated answer directly addresses the question by providing the correct command and syntax for transferring files from a local machine to a Docker container, making it highly applicable and useful for the user's needs."
NON_RELEVANT,"The generated answer does not address the question about the existence of a YouTube video on Evaluation Metrics for Classification. It instead discusses methods and libraries related to classification metrics, which is not relevant to the specific inquiry about video content."
RELEVANT,"The generated answer directly addresses the question by providing the specific version of the zoomcamp-model image mentioned for Module 5 HW Question 6. It accurately identifies the version, thus fulfilling the query."
RELEVANT,"The generated answer directly addresses the question by stating that FeatureHasher is suitable for categorical features with high cardinality, which aligns perfectly with the query's focus."
RELEVANT,"The generated answer clearly outlines a recommended data splitting method, detailing the steps involved in splitting the dataset into training, validation, and test sets. It also explains the rationale behind this approach, emphasizing the importance of avoiding data leakage, which is directly relevant to the question asked."
RELEVANT,"The generated answer directly addresses the issue of encountering a ValueError when loading weights saved in HDF5 format into a subclassed Model. It provides a specific solution by suggesting to evaluate the model on input data before attempting to load the weights, which is relevant and actionable advice for the user experiencing this specific error."
RELEVANT,"The generated answer directly addresses the question about why AUC values change when re-running the DecisionTreeClassifier, explaining the influence of randomness in the algorithm and providing a solution to achieve consistent results by setting a random seed."
RELEVANT,"The generated answer directly addresses the f-string error by explaining the common mistake of using parentheses instead of curly braces in f-string syntax. It also provides an example of the correct usage, which is relevant to the question about the error encountered when deploying machine learning models."
RELEVANT,"The generated answer directly addresses the question by providing a specific command to run if restarting Docker Desktop and the terminal does not resolve the metadata loading error, thus offering a practical solution."
RELEVANT,"The generated answer directly addresses the question by stating that there is no difference in the skills taught in the current iteration compared to 2021, which provides a clear response to the inquiry about any differences."
PARTLY_RELEVANT,"The generated answer acknowledges the importance of library versions and mentions that they can affect homework results, which is related to the question. However, it does not directly address whether specific versions are required, only indicating that there is no specification for required versions. This partial alignment to the question makes it partly relevant."
RELEVANT,"The generated answer directly addresses the issue of 'wget' not being recognized on a Windows system by providing clear steps to install wget, either via Chocolatey or by downloading a binary. This information is specific to resolving the stated problem and is appropriate for the context of the question."
RELEVANT,"The generated answer directly addresses the question by identifying George Chizhmak as the individual who provided the solution for the XGBoostError, and it explains the solution (installing sklearn) which is pertinent to resolving the error."
RELEVANT,"The generated answer directly addresses the question about the error message related to 'sklearn' by explaining the cause, which is an incorrect package specification in the `bentofile.yaml`. It also provides a clear solution by suggesting the correct package name, 'scikit-learn', thereby effectively resolving the user's issue."
RELEVANT,"The generated answer directly addresses the question, confirming that the default values can be used for fields other than Access Key ID and Secret Access Key in AWS configuration. It provides a clear and accurate response regarding the use of defaults in the context of AWS configuration settings."
RELEVANT,"The generated answer directly addresses the question about handling memory allocation errors in AWS ECS by providing a specific solution: increasing the RAM and CPU in the task definition. This directly relates to resolving memory allocation issues, making the response highly relevant."
RELEVANT,"The generated answer accurately addresses the question by explaining what a negative accuracy difference indicates when removing a feature in Q5. It specifies that the model improved after the feature was removed, which directly relates to the question's inquiry about the significance of a negative accuracy difference."
RELEVANT,"The generated answer directly addresses the question by providing specific steps taken by √Ångel de Vicente to fix the protobuf issue in session 10.3, including the creation of a virtual environment and the command used to install the necessary package versions."
RELEVANT,"The generated answer provides a clear and structured guide on how to set up CUDA and cuDNN on Ubuntu 22.04, including steps for installing Nvidia drivers, the CUDA toolkit, and cuDNN, as well as configuring TensorFlow for GPU support. All these elements directly address the question asked."
PARTLY_RELEVANT,"The generated answer provides a direction to refer to 'TODO' instructions, which implies that there are specific steps to follow for Week 10. However, it lacks detailed information or specific steps within the answer itself, making it partially relevant but not fully comprehensive."
RELEVANT,"The generated answer directly addresses the question by specifying that the solutions to check for using AUC are from the 2021 iteration of the course, which is the exact information being requested."
PARTLY_RELEVANT,"The generated answer does not provide a specific error message that shows on the server side when using gunicorn, which is what the question asks. However, it acknowledges that an error occurs when using gunicorn and implies a comparison with waitress, suggesting some relevance to the context of server-side errors. Nevertheless, it lacks the direct information requested."
RELEVANT,"The generated answer directly addresses the question by explaining the importance of using DictVectorizer or get_dummies after splitting the data to prevent data leakage, which is the primary concern mentioned in the question. It clearly articulates the risks associated with applying these techniques before the split and emphasizes the integrity of the model evaluation process."
RELEVANT,"The generated answer directly addresses the question by identifying the individual (Manuel Alejandro Aponte) who added the solution to the NameError issue in the FAQ section, thereby providing the exact information requested."
RELEVANT,"The generated answer directly addresses the question by identifying Krishna Annad as the person who mentioned the usage of Yellowbrick for classification reports, which is the exact information requested."
RELEVANT,"The generated answer directly addresses the issue of the 'kind' command not being recognized on Windows. It provides specific steps to troubleshoot and resolve the problem, which is exactly what the question asks for."
RELEVANT,"The generated answer directly addresses the issue of 'kind' not being recognized as a command on Windows by providing clear steps to rename the executable file and adding it to the system's PATH, which are common solutions for this type of problem."
RELEVANT,"The generated answer provides clear and actionable methods for visualizing feature importance in scikit-learn, including detailed steps and code snippets. The explanation covers a feature importance graph and a horizontal bar chart, directly addressing the question asked."
PARTLY_RELEVANT,"The generated answer provides a specific solution to renaming a file by replacing a dash with an underscore, which aligns with the question's intent. However, it does not explicitly address the context of 'waitress-serve,' which may imply a particular requirement or standard related to that term. Therefore, while the answer is partially relevant, it lacks a full connection to the context suggested by 'waitress-serve.'"
RELEVANT,"The generated answer directly addresses the question by providing specific commands to display the size of a Docker image, which is precisely what was asked. It includes clear instructions and the necessary syntax to achieve the task."
RELEVANT,"The generated answer directly addresses the functionalities of the KFold function, specifically focusing on the parameters `n_splits`, `shuffle`, and `random_state`. It explains how these parameters affect dataset splitting and the importance of their settings in producing consistent results, which aligns perfectly with the question asked."
RELEVANT,"The generated answer correctly addresses the question by providing a command to load a dataset directly into Kaggle Notebooks. It includes the necessary `wget` command and explains how to use pandas to read the dataset, which is highly relevant to the user's question about loading a dataset."
RELEVANT,"The generated answer accurately addresses the question by providing a clear formula to calculate the probability of class 0 based on the predicted probability of class 1 from a Keras model. It directly explains the relationship between the two probabilities, making it highly relevant to the query."
PARTLY_RELEVANT,"The generated answer addresses the topic of questions in the context of a course, suggesting ways to ask and submit questions. However, it does not provide a direct response or clarification about 'questions' in a broader sense, which leaves the relevance somewhat limited."
RELEVANT,"The generated answer directly addresses the question of whether posting the same content on multiple social sites is permissible for earning points related to homework. It confirms that this is allowed and provides additional information about how points are earned, making it highly relevant to the user's query."
RELEVANT,"The generated answer directly addresses the question by explaining why the error occurs and provides a solution involving renaming the executable and adjusting the PATH, which is pertinent to the issue raised in the question."
RELEVANT,"The generated answer correctly explains why mutual information scores cannot directly use continuous variables, highlighting the need for conversion to a discrete format and discussing the implications of binning. It addresses the question effectively and provides context, making the answer fully relevant."
PARTLY_RELEVANT,"The answer mentions a method (using `keras.models.Sequential()`) in the context of passing parameters for a model, which is somewhat relevant. However, it does not explicitly address the specific recommendation by Krishna Anand regarding how to pass multiple parameters, leaving the answer incomplete and lacking clarity on that aspect."
RELEVANT,"The generated answer correctly addresses how to handle categorical features before using Ridge Regression by suggesting the transformation to a numerical format, specifically through one-hot encoding. It explains the necessity of this transformation for Ridge Regression, which only accepts numerical features. Additionally, the mention of setting `sparse=True` is a useful detail that enhances the answer's applicability in practice. Overall, the answer is directly relevant to the question and provides comprehensive guidance."
RELEVANT,The generated answer directly addresses the question regarding the settings to ensure when using DictVectorizer by highlighting the importance of using the updated method '.get_feature_names_out()' instead of the deprecated method. This information is relevant and actionable for users of DictVectorizer.
RELEVANT,"The generated answer directly addresses the question by providing the specific command needed to install pip on Windows Subsystem for Linux (WSL), which is exactly what the question seeks."
RELEVANT,"The generated answer directly addresses the question by specifying that 'ocean_proximity' should be used alongside the binarized price for calculating mutual information, which is precisely what the question inquires about."
RELEVANT,"The generated answer directly addresses the question by naming the individual who provided the solution for the AWS configuration issue in video 9.6, thereby completely fulfilling the information request."
RELEVANT,"The generated answer directly addresses the question regarding the error message that indicates 'pipenv' is not recognized. It provides actionable steps for resolving the issue by modifying the PATH environment variable on Windows, which is the appropriate solution for this scenario. Additionally, it offers a note regarding Anaconda, which could be relevant for users who might be using it."
RELEVANT,"The generated answer provides a clear and actionable method for adding notes to the Community Notes section by detailing how to create a GitHub repository, fork an existing course repository, and submit a pull request, which directly addresses the question."
RELEVANT,The generated answer directly addresses the question by stating that Larkin Andrii provided the answer regarding the recommended practice for using DictVectorizer or get_dummies. It is clearly related to the question and provides a specific name as a source.
RELEVANT,"The generated answer directly addresses the question by explaining how to use the `mean_squared_error` function for calculating RMSE in Python, including specific code and a reference link for additional information."
RELEVANT,"The generated answer provides clear and specific steps for pushing an initial commit to GitHub, including committing changes and using the correct push command. It also addresses a potential error and offers a resource for further guidance, which is directly related to the question."
RELEVANT,The generated answer directly addresses the question by confirming that the course is available in a self-paced mode and provides additional context on what that entails.
PARTLY_RELEVANT,"The answer suggests setting the number of workers to 2560, which is an unusual and likely impractical value for faster training on a T4 GPU, especially in a Google Colab environment. While it does address the question about the number of workers, the recommended value may not be accurate or feasible, thus rendering it only partly relevant."
PARTLY_RELEVANT,"The generated answer acknowledges that the CPU and memory values are not arbitrary and explains the need to define them in the yaml file. However, it partially contradicts the question's focus by stating that the values are specified and not arbitrary, which is unclear in relation to whether they can be chosen freely or must meet specific criteria. Thus, while it provides useful information, it does not directly answer the question about their arbitrariness."
RELEVANT,"The generated answer directly addresses the question by identifying the specific error ('NotSupportedError') that occurs when running the specified command. It also provides a relevant error message explaining the limitation of using 'eb local' with certain Docker platforms, which enhances the context of the answer."
RELEVANT,"The generated answer directly addresses the question about avoiding the 'manifest unknown' error by emphasizing the importance of using the correct tag in the Docker pull command, which is a common reason for encountering that specific error."
RELEVANT,"The generated answer provides specific documentation links that are directly related to understanding Lambda container images in depth, addressing the question appropriately."
NON_RELEVANT,The generated answer does not address the issue related to importing the ping function specifically in the context of Decision Trees and Ensemble Learning. It provides a generic import statement without any guidance on how to resolve the inability to import the function or its relevance to the mentioned topics.
RELEVANT,"The generated answer directly addresses the question by providing a specific URL where instructions to install Docker on MacOS can be found. Additionally, it offers helpful advice regarding the distinction between Apple and Intel chips, which is pertinent to the installation process on MacOS."
RELEVANT,"The generated answer directly addresses the question by explaining how to specify files for copying in a Dockerfile using the COPY instruction. It provides an example that demonstrates the correct syntax, which is exactly what the question asks for."
RELEVANT,"The generated answer accurately explains the function of the `sns.histplot` command, details the role of the parameters used, and describes the significance of the resulting plot in understanding the distribution of the data. It directly addresses the question posed."
RELEVANT,"The generated answer directly addresses the question by providing the correct built-in function for running 'nvidia-smi' repeatedly, along with an example command syntax and explanation of the parameters. This fully satisfies the inquiry."
RELEVANT,"The generated answer accurately explains the purpose of using a seed value when splitting data for training and validation. It highlights the importance of consistency and reproducibility, which are key reasons for using a seed in data splitting."
RELEVANT,The generated answer directly addresses the question by providing two specific workarounds for issues caused by newer versions of protobuf in session 10.3. Both proposed solutions are applicable and relevant to the query.
RELEVANT,"The generated answer directly addresses the question by advising on the necessary step to ensure that imports work in Jupyter notebook after installing new packages. It specifically mentions restarting the notebook, which is a commonly recommended action in such scenarios."
RELEVANT,"The generated answer directly addresses the question about checking column information and memory usage in a pandas DataFrame by describing the use of the `info()` method, providing a clear explanation of what it does, and including an example of how to use it."
RELEVANT,"The generated answer directly addresses the question about why the target variable should be transformed to a logarithm distribution by explaining the reasons for the transformation, such as managing skewness and stabilizing variance. It also includes a practical method for evaluation, which enhances its relevance."
RELEVANT,"The generated answer accurately describes the role of the seed value in TensorFlow for achieving reproducibility, detailing how it can be set and the effects it has on consistency in training results. It also mentions an additional command to enhance determinism, further supporting its relevance to the question."
PARTLY_RELEVANT,"The generated answer suggests upgrading 'nbconvert' as a potential solution, which could be related to issues encountered when starting a Jupyter notebook involving Jinja2. However, it does not directly address the specific 'contextfilter' error or provide detailed troubleshooting steps, making it only partially relevant to the user's query."
RELEVANT,The generated answer directly addresses the question by providing a clear method for identifying high correlation between features through the creation of a correlation matrix and visualization using a heatmap. The inclusion of relevant code snippets further enhances its applicability and usefulness.
RELEVANT,"The generated answer directly addresses the question by stating that the name of the Dockerfile should be 'Dockerfile' without any extension. It also explains the implications of naming it incorrectly, which adds useful context."
RELEVANT,"The generated answer directly addresses the question by recommending Visual Studio Code (VS Code) as the best IDE for machine learning and provides relevant features that support this choice, thereby making it a suitable response."
RELEVANT,"The generated answer directly addresses why linear regression does not give a perfect fit, explaining concepts like overfitting and the limitations of a linear model in relation to the data. This response is pertinent to the question asked."
RELEVANT,"The generated answer directly addresses the question by providing an alternative command (`!dir`) that serves the same purpose as `!ls -lh` in a Windows Jupyter Notebook, thereby offering a relevant solution."
RELEVANT,"The generated answer directly addresses the concern raised in the question regarding a model's accuracy dropping to 0.5 after augmentation. It provides a specific step to investigate, focusing on the ImageDataGenerator configuration, which is relevant to the model's performance issue."
RELEVANT,"The generated answer directly addresses the question by affirming the recommendation to rewatch the video on the ROC curve. It also provides additional context about the importance of understanding the concept and the ROC AUC metric in Binary Classification, which enhances the relevance of the response."
RELEVANT,The generated answer directly addresses the question about creating a deep copy of a dataframe by correctly stating the use of the `X.copy()` method and explaining its effect on the original dataframe.
RELEVANT,"The generated answer directly addresses the question about steps to take when encountering an error with `pipenv install` related to `python_version` and `python_full_version`. It provides clear, actionable steps to resolve the issue, making it a highly relevant response."
RELEVANT,"The generated answer directly addresses the question about the causes of different areas on each side of the long tail distribution by explaining the influence of a few high-value observations and how this affects the overall behavior of the distribution, including measures of central tendency."
RELEVANT,"The generated answer directly addresses the question about the error regarding the data containing only one class. It explains why the error occurs, provides an example of the code that leads to this situation, and gives advice on how to resolve the issue by ensuring the presence of both classes in the dataset."
RELEVANT,"The generated answer directly addresses the question by providing a specific estimate of the weekly hours spent by students in the previous cohort, which is exactly what was asked."
RELEVANT,The generated answer directly addresses the question by providing a clear set of steps to troubleshoot and resolve errors related to scipy when using ImageDataGenerator. Each step is actionable and relevant to potential issues that could arise in the context described.
RELEVANT,"The generated answer provides a clear and precise example of the COPY command in a Dockerfile, along with an explanation of what the command does. It directly addresses the question, making it highly relevant."
RELEVANT,"The generated answer accurately explains the meaning of '500m' in Kubernetes CPU limits, detailing that it represents 500 milliCPUs, which equates to 0.5 CPU core. It also provides additional context about the significance of using milliCPUs for resource management, making it a comprehensive response to the question."
RELEVANT,"The generated answer provides a clear example of using the curl command to download a file on macOS, which directly addresses the question. It includes the necessary command syntax and an explanation of each component, making it informative and applicable."
RELEVANT,"The generated answer directly addresses the question about handling `fillna()` effectively in regression by emphasizing the importance of filling missing values before splitting the dataset to avoid data leakage. It also provides additional context about preparing the data, which is pertinent to regression analysis."
RELEVANT,"The generated answer provides clear and applicable methods to debug a Docker container, including launching the container in interactive mode and executing commands in a running container. These techniques directly address the question of how to debug a Docker container."
RELEVANT,"The generated answer directly addresses the question by providing a specific resource link that contains details on configuring the environment on a Mac with an M1 chip, which is exactly what the question is asking for."
RELEVANT,"The generated answer directly addresses the question by confirming that the AWS Serverless Framework can indeed help in deploying a Flask application on AWS Lambda. It provides additional details on the deployment process, such as creating a Docker image, using AWS ECR, and exposing the application through API Gateway, which adds to its relevance. Furthermore, it offers a resource for further reading, which is helpful for someone seeking more information."
RELEVANT,"The generated answer accurately addresses the question by stating that np.log1p() is most useful for target variables with a long tail distribution, which is pertinent to the concept of transforming such data distributions."
RELEVANT,"The generated answer directly addresses the question by providing specific sections where the user can find guides to install CUDA and cuDNN. It mentions relevant details such as the operating system (Ubuntu 22.04) and references guides associated with TensorFlow, making it highly relevant to the original query."
RELEVANT,"The generated answer directly addresses the concern regarding the deprecation of `get_feature_names` by recommending the use of `get_feature_names_out()`, which is the correct and relevant action to take. Additionally, it provides an example of the code change, making the response clear and actionable for someone working in machine learning for classification."
RELEVANT,"The generated answer provides the correct basic syntax for copying files in a Dockerfile using the COPY command, which directly answers the question. It includes an example that illustrates the syntax, making it relevant and useful for understanding how to implement this in a Dockerfile."
RELEVANT,"The generated answer provides specific and actionable steps to address the issue of Pipfile and Pipfile.lock dependencies not being correctly updated. It directly answers the question by suggesting commands to run and additional troubleshooting steps, making it highly relevant to the user's query."
PARTLY_RELEVANT,"The generated answer provides specific information about the number of posts required for a midterm project, which suggests it addresses a possible aspect of an assignment related to 'learning in public.' However, without knowing the exact content of 'question1,' it is unclear if the answer fully addresses the question's intent or context, indicating it is only partly relevant."
RELEVANT,"The generated answer directly addresses the question by providing a specific resource (TensorFlow documentation) where more information on the 'workers' parameter in 'model.fit()' can be found. It also includes informative details about the purpose of the 'workers' parameter and tips for its usage, making it highly relevant to the inquiry."
RELEVANT,"The generated answer precisely addresses the question about shuffling a complete dataset using pandas by providing the correct method (`pandas.DataFrame.sample`), along with the appropriate parameters and an example. It effectively explains how to shuffle the entire dataset and includes a random state for reproducibility, which is relevant to the context of data manipulation in pandas."
RELEVANT,"The generated answer directly addresses the discrepancy in accuracy by explaining potential reasons related to data splitting methods, which is a common factor influencing model performance. It also provides a practical suggestion to minimize differences, making it relevant to the question about accuracy in relation to homework options."
RELEVANT,"The generated answer provides clear instructions on how to configure the console to push Docker images to Google Container Registry by first installing the Google Cloud SDK and then using the 'gcloud auth configure-docker' command, which directly addresses the question."
RELEVANT,"The generated answer provides a clear and detailed explanation of how to calculate the RMSE score, including necessary code examples and steps. It directly addresses the question and presents accurate methodologies for computing RMSE, making it highly relevant to the inquiry."
RELEVANT,"The generated answer directly addresses the question by providing a solution (creating a personal access token) to the issue of password authentication no longer being supported on GitHub. It also offers a resource for more detailed information, making it fully relevant to the user's query."
RELEVANT,"The generated answer directly addresses the question by providing a resource for instructions to install TensorFlow GPU on Ubuntu and includes important considerations about installing CUDA and cuDNN, which are essential for GPU support."
RELEVANT,"The generated answer directly addresses the question by explaining the role of `y_true` in the calculation of the AUC score with sklearn. It specifies that `y_true` represents the actual target values and is used alongside `y_score` to compute the AUC, which is exactly what the question seeks to understand."
RELEVANT,"The generated answer directly addresses the question by explaining how Quinn Avila resolved the issue of a Jupyter notebook not recognizing a newly installed package. It specifies the action taken (restarting the notebook) and the command used to install the package ('pip install pillow'), providing a clear and relevant solution to the problem posed in the question."
RELEVANT,"The generated answer directly addresses the modification made to the median_house_value target, specifying that it was changed to binary format. It explains the reasoning behind the change, highlighting the transition from a continuous variable to a discrete one for the purpose of calculating mutual information, which is pertinent to the question."
